{"cameraMode":{"drawMode":0,"name":"Shaded","section":"Shading Mode"},"sceneLighting":true,"audioPlay":false,"sceneViewState":{"m_AlwaysRefresh":false,"showFog":true,"showSkybox":true,"showFlares":true,"showImageEffects":false,"showParticleSystems":true,"showVisualEffectGraphs":true,"m_FxEnabled":false},"in2DMode":false,"pivot":{"x":-21.56477928161621,"y":-20.916147232055665,"z":-26.712459564208986},"rotation":{"x":0.6319153308868408,"y":-0.000019861137843690813,"z":-0.0000229627203225391,"w":0.7750730514526367},"size":19.756803512573243,"orthographic":false}