{"cameraMode":{"drawMode":0,"name":"Shaded","section":"Shading Mode"},"sceneLighting":true,"audioPlay":false,"sceneViewState":{"m_AlwaysRefresh":false,"showFog":true,"showSkybox":true,"showFlares":true,"showImageEffects":false,"showParticleSystems":true,"showVisualEffectGraphs":true,"m_FxEnabled":false},"in2DMode":false,"pivot":{"x":-3.208467960357666,"y":-18.90557861328125,"z":-1.8115644454956055},"rotation":{"x":0.5963439345359802,"y":-0.012054071761667729,"z":0.008927092887461186,"w":0.8026247024536133},"size":27.269933700561525,"orthographic":false}