{"cameraMode":{"drawMode":0,"name":"Shaded","section":"Shading Mode"},"sceneLighting":false,"audioPlay":false,"sceneViewState":{"m_AlwaysRefresh":false,"showFog":true,"showSkybox":false,"showFlares":true,"showImageEffects":false,"showParticleSystems":true,"showVisualEffectGraphs":true,"m_FxEnabled":false},"in2DMode":false,"pivot":{"x":-26.40999984741211,"y":0.5010004043579102,"z":-33.09000015258789},"rotation":{"x":0.6319153308868408,"y":-0.000019861137843690813,"z":-0.0000229627203225391,"w":0.7750730514526367},"size":0.6123724579811096,"orthographic":false}